asin,brand,name,priceJpy,imageUrl,category,concerns
B0C4LK65MV,BaoCheng,"【Amazon.co.jp限定】BaoCheng 犬ハーネス 犬用胴輪 小型犬/中型犬/大型犬ハーネス 犬用胴輪 引っ張り防止 アタマを通さず 咳き込み軽減 サイズ調整可能 夜間反射材 抜けない 通気性 簡単着脱 おしゃれ 安全 しつけ用 訓練 歩行補助 散歩 可愛い(ベージュチェック柄,S)",1839,"https://images-fe.ssl-images-amazon.com/images/I/71HWtmOc-dL._AC_UL600_SR600,400_.jpg",harness,hot-summer|small-dog|large-dog|medium-dog|pulling-training|night-walk|trachea-care
B0BMTPQ9PN,BELLA,"BELLA & PAL 犬用 ハーネス リード セット 小型犬 超小型犬 猫用ハーネス 胴輪 引っ張り防止 サイズ調整可能 夜間反射 脱着簡単 耐久性 通気性 ソフト メッシュ (カーキ, S)",1899,"https://images-fe.ssl-images-amazon.com/images/I/71YhjFmcLgL._AC_UL600_SR600,400_.jpg",harness,hot-summer|small-dog|pulling-training|night-walk
B0CZLPPQ88,PUKAKO,"PUKAKO 犬 ハーネス 猫 リードセット 胴輪 小型犬 犬用ハーネス 猫用 服 メッシュ素材 身体に優しい 反射材付き 調節可能 お散歩 着脱簡単 引っ張り防止 人気 おしゃれ 可愛い（カーキ, S)",1899,"https://images-fe.ssl-images-amazon.com/images/I/81LcY2MKDEL._AC_UL600_SR600,400_.jpg",harness,small-dog|pulling-training|night-walk
B00A9XBLSI,"IDCパワーハーネス,","IDCパワーハーネス, サイズ: S/ミニ, カモフラージュ",4950,"https://images-fe.ssl-images-amazon.com/images/I/71TTDwdFANL._AC_UL600_SR600,400_.jpg",harness,
B0DJ7RB15H,BowNya,"【獣医師推奨】BowNya Cauda, 犬 ハーネス 気管虚脱 アクティブハーネス 簡単装着 5ヶ所調整可能 ベージュ Sサイズ",1930,"https://images-fe.ssl-images-amazon.com/images/I/71lZSMnStxL._AC_UL600_SR600,400_.jpg",harness,trachea-care
B01M9JKBMB,Rabbitgoo,Rabbitgoo 犬 ハーネス 小型犬 ソフト かわいい 犬用胴輪 引っ張り防止 負担が少ない首輪 サイズ調整可 夜間反射 抜けない 通気性 咳き込み防止 散歩 歩行補助 老犬介護 しつけ 運動向き 犬 中型犬 大型犬 柴犬 秋田犬 (オレンジ S),2099,"https://images-fe.ssl-images-amazon.com/images/I/819pQSsQPTL._AC_UL600_SR600,400_.jpg",harness,hot-summer|small-dog|large-dog|medium-dog|senior|pulling-training|night-walk|trachea-care
B0G1TM7K2W,BowNya,"【獣医師推奨】BowNya Cauda, 犬 ハーネス 首に優しい レザーハンドル 気管虚脱 金属バックル 小型 中型 大型犬 心地 – KOKOCHI Harness ワインレッド Mサイズ",,"https://images-fe.ssl-images-amazon.com/images/I/71ulGPkAqgL._AC_UL600_SR600,400_.jpg",harness,large-dog|trachea-care
B0DCTN7ZGS,Lil&Fam,"Lil&Fam 犬 ハーネス 胴輪 リードセット 身体に優しい 反射材付き メッシュ 小型犬 中型犬 猫 (ベージュ×グレー, Sサイズ)",1780,"https://images-fe.ssl-images-amazon.com/images/I/81mrzLDRzlL._AC_UL600_SR600,400_.jpg",harness,small-dog|medium-dog|night-walk
B09BC4DK4X,犬,"犬 ハーネス かわいい おしゃれ 胴輪 散歩 小型犬 中型犬 大型犬 猫 首輪 ソフト ナイロン製 夜間反射 PetGround (S, レッド)",998,"https://images-fe.ssl-images-amazon.com/images/I/61WSQdjZ7fL._AC_UL600_SR600,400_.jpg",harness,small-dog|large-dog|medium-dog|night-walk
B0928QZ9QC,cocomall,"cocomall 喉に優しい犬用ハーネス 犬用胴輪 TRUE LOVE日本授権店 ドッグ ペット用品 お出かけハーネス 3M反射材料 訓練用 ナイロン製 小型犬、中型犬、大型犬に向け 通気性 調節可能 おしゃれ 夏に対応 (XXS, ロイヤルブルー)",2699,"https://images-fe.ssl-images-amazon.com/images/I/61MxDm9GpwL._AC_UL600_SR600,400_.jpg",harness,hot-summer|small-dog|large-dog|medium-dog|night-walk|trachea-care
B077HRNW7X,cocomall,"cocomall 犬用ハーネス 犬用胴輪 ドッグ ペット用品 ハーネス 3M反射材料 訓練 ナイロン製 小型犬、中型犬、大型犬に向け 通気性 調節可能 (M, ロイヤルブルー)",3799,"https://images-fe.ssl-images-amazon.com/images/I/61jIpg1g9xL._AC_UL600_SR600,400_.jpg",harness,hot-summer|small-dog|large-dog|medium-dog|night-walk
B0B2JNJR9Y,Liberte,"【ドッグトレーナーも推薦！】Liberte harness 犬 ハーネス 喉に優しい ネームプレート ドッグハーネス (Mサイズ, ターコイズ)",3050,"https://images-fe.ssl-images-amazon.com/images/I/91qYV8qk4RL._AC_UL600_SR600,400_.jpg",harness,trachea-care
B09BC6J51J,NC,NC メッシュ 犬用 ハーネス 胴輪 反射材料付き リード セット 超小型犬 小型犬 子犬 猫 散歩/訓練/お出掛 ペット はーねす 安全 抜けない 軽量 調節可能 通気性が,557,"https://images-fe.ssl-images-amazon.com/images/I/61+582YDCJL._AC_UL600_SR600,400_.jpg",harness,hot-summer|small-dog|puppy|night-walk
B0FBRFXL1Z,AIBPET,"AIBPET 犬用ハーネス＆リードセット 超小型犬から全犬種対応 猫用ハーネス リード引っ張り防止設計 調節可能サイズ夜間反射機能 着脱簡単耐久性・通気性・柔らかメッシュ素材採用(red, M-L)",2077,"https://images-fe.ssl-images-amazon.com/images/I/612p+kOhcAL._AC_UL600_SR600,400_.jpg",harness,hot-summer|small-dog|pulling-training|night-walk
B0DBR2PY6X,OGURIYA犬,"【ドッグトレーナー推薦】OGURIYA犬 ハーネス 喉に優しい 小型犬 中型犬 大型犬 着脱簡単 超可愛い色 ネームプレート 夜間反射 サイズ調整可能 犬体工学に基づいた 7色選択(カーキチェック柄,M)",2271,"https://images-fe.ssl-images-amazon.com/images/I/815vrK2fNdL._AC_UL600_SR600,400_.jpg",harness,small-dog|large-dog|medium-dog|night-walk|trachea-care
B086BR95C1,cocomall,cocomall 日本授権店 TRUE LOVE専門販売店 犬 犬用リード 小型、中型、大型犬用 ロングリード 訓練用 3M反射材料 ペット用品 ナイロン製 通気性 おしゃれ メッシュペット 手に優しい（1.1m S，ロイヤルブルー）,1799,"https://images-fe.ssl-images-amazon.com/images/I/61KbNkf1AEL._AC_UL600_SR600,400_.jpg",leash,hot-summer|large-dog|night-walk
B00O3B1VDM,フレキシ,フレキシ (flexi) ニュークラシック コード S(12kg未満) 8m ブラック [犬用リード],3600,"https://images-fe.ssl-images-amazon.com/images/I/71HKZ-5a74L._AC_UL600_SR600,400_.jpg",leash,
B0CSP5MDQY,DogGarden,"DogGarden 手袋でも滑らないリード 小型犬～中型犬用 軽い 洗える すぐ乾く 伸びない (レッド, 太さ20mm)",1498,"https://images-fe.ssl-images-amazon.com/images/I/81HsjXCW39L._AC_UL600_SR600,400_.jpg",leash,small-dog|medium-dog
B0BYK62WST,COLEDO,COLEDO 犬 リード 伸縮 ライト付き 5m 小型犬 中型犬 大型犬 充電式 【リード最長 : 5メートル 耐荷重 : 30kg】,2680,"https://images-fe.ssl-images-amazon.com/images/I/61U1e3AplYL._AC_UL600_SR600,400_.jpg",leash,small-dog|large-dog|medium-dog|night-walk
B08ZN6V69R,SUSWIM,"SUSWIM 丈夫な犬用リード センチ犬用引きヒモ、持ちやすいスポンジ取っ手と目立つ夜光材質採用、中型と大型犬に適用 余分なものボーナスhognse (黒色, 150*1.2CM)",749,"https://images-fe.ssl-images-amazon.com/images/I/61e7-n2b6LL._AC_UL600_SR600,400_.jpg",leash,large-dog|night-walk
B07FSC8BX6,ペティオ,ペティオ (Petio) リールリードロード レッド 小型犬用 S サイズ,1636,"https://images-fe.ssl-images-amazon.com/images/I/618pl5f56zL._AC_UL600_SR600,400_.jpg",leash,small-dog
B0CV7Y5GHK,Konshun,Konshun 犬 リード 伸縮 5M 荷重50kg 【正規販売店】 伸びるリード 2種類のロック機能 片手で簡単操作 軽量 約267g コンパクト 丈夫 耐久 巻きつき防止 小型犬 中型犬用 犬 散歩 ペット屋外活動用品 シャンパンゴールド,1782,"https://images-fe.ssl-images-amazon.com/images/I/71iLGKF6X3L._AC_UL600_SR600,400_.jpg",leash,small-dog|medium-dog
B0DZXHLG3H,ハンズフリー犬用リード,ハンズフリー犬用リード オレンジ｜多機能クロスボディリード 約 5.9ft - 9.5ft (180〜290cm) 調整可能 ウエストベルト型・車用シートベルト対応・反射テープ付き｜中型犬・大型犬の散歩・ジョギングに最適 Medium and Large Dogs,2529,"https://images-fe.ssl-images-amazon.com/images/I/61sOLa-1Y6L._AC_UL600_SR600,400_.jpg",leash,large-dog|medium-dog|night-walk|travel
B07DDK9M6M,TUG,TUG 360°タングルフリー、頑丈引き込み式犬リード、スリップ防止ハンドル付き 5 m 強いナイロンテープ。片手ブレーキ、一時停止、ロック S サイズホワイト,2199,"https://images-fe.ssl-images-amazon.com/images/I/81v9mds0ixL._AC_UL600_SR600,400_.jpg",leash,
B08DMY4YCX,フレキシ(flexi),フレキシ(flexi) 伸縮リード ニューネオン テープタイプ Sサイズ 5m ピンク 【日本正規品】,3500,"https://images-fe.ssl-images-amazon.com/images/I/61OQauxfWXL._AC_UL600_SR600,400_.jpg",leash,
B0FJY7HBZY,犬,犬 リード 伸縮 ロングリード 長さ5m 自動巻き ストラップ付き リフレクター 小・中型犬用 [長さ:5m 適応体重30kg],2180,"https://images-fe.ssl-images-amazon.com/images/I/51HhrT-SM4L._AC_UL600_SR600,400_.jpg",leash,medium-dog
B0DRFBGJMG,Pecute,Pecute 伸縮リードイト長さ10m 引き込み式犬リード 巻き取りがスムーズで 強いナイロンテープ 一時停止 小・中・大型犬対応 荷重50kg,3999,"https://images-fe.ssl-images-amazon.com/images/I/61LXQeQS6LL._AC_UL600_SR600,400_.jpg",leash,large-dog
B0D1QQ3SG3,DANOFY,DANOFY 犬 リード ロングリード 犬用リード 9m - 長い丸ロープ 小型犬 中型犬 大型犬 反射 軽量 丈夫 持ちやすい スポンジハンドル 伸縮ロープ付き 犬用散歩ひも 訓練用 負担減軽 衝撃吸収 オレンジ,1880,"https://images-fe.ssl-images-amazon.com/images/I/81iqAouWudL._AC_UL600_SR600,400_.jpg",leash,small-dog|large-dog|medium-dog|leak-proof|night-walk
B08KNVNBTS,J&C,"J&C Paradise 定番 犬用リード 日本正規店 犬リード 持ちやすい 訓練 ロング 3M反射材料 ナイロン製 通気性 おしゃれ 人気 痛くない メッシュ TRUELOVE (ピンク, 1.1m XS)",1499,"https://images-fe.ssl-images-amazon.com/images/I/619vTDupq6L._AC_UL600_SR600,400_.jpg",leash,hot-summer|night-walk
B0DYJH9ZJ6,犬,[LaLUCA GOODS] 犬 ショルダーリード 小型犬 中型犬 大型犬 アドバンスモア 01モデル ハンズフリー ブラック Bセット Sサイズ,4980,"https://images-fe.ssl-images-amazon.com/images/I/71bdN9YMn2L._AC_UL600_SR600,400_.jpg",leash,small-dog|large-dog|medium-dog
B0FX985LBX,Japapet,Japapet 犬用オムツ 男の子用 ペットオムツ マナーベルト 長時間安心設計 通気性◎小型・中型犬用 Sサイズ 46個入り,1682,"https://images-fe.ssl-images-amazon.com/images/I/71ZaEX88gFL._AC_UL600_SR600,400_.jpg",apparel,hot-summer|medium-dog
B0BQDL434X,WICKEDPUP,WICKEDPUP 犬用おむつライナー、100枚入 | 男の子のマナーベルトパッド | 女の子の生理用ナプキン | ペット用おしっこ吸収シート、Mサイズ,2850,"https://images-fe.ssl-images-amazon.com/images/I/61mVb1Ew9qL._AC_UL600_SR600,400_.jpg",apparel,leak-proof
B07D67612H,ふく福,"ふく福 可愛い 通気性メッシュ小中型犬服Ｔシャツ スポーツ服 お散歩お出かけウェアに 春夏服 ドッグウェア ベスト 日焼き防ぐ 脱毛保護 (L, イエロービー)",469,"https://images-fe.ssl-images-amazon.com/images/I/71jHmVWBsRL._AC_UL600_SR600,400_.jpg",apparel,hot-summer|medium-dog|shedding
B0BZVT84SY,犬の服,犬の服 夏 犬服 犬の服 犬服 Tシャツ 綿製 タンクトップ ペットウェア おしゃれ かわいい くま 小型犬 中型犬 薄く袖なし 通気性 春夏 秋 柔らかさ シャツ 猫服 おしゃれ かわいい 小型犬 中型犬 ドッグウェア ベスト 洋服 可愛い 脱毛保護 家着 お散歩,849,"https://images-fe.ssl-images-amazon.com/images/I/61KAQAoGVuL._AC_UL600_SR600,400_.jpg",apparel,hot-summer|small-dog|medium-dog|shedding
B0CJ5D86QG,マナーパッド,マナーパッド マナーベルト 犬 男の子 超吸収です 犬 おむつライナー ペット用おしっこ吸収シート、150枚入、Mサイズ,3099,"https://images-fe.ssl-images-amazon.com/images/I/71qdzyOkj0L._AC_UL600_SR600,400_.jpg",apparel,leak-proof
B0D9LKCXWD,犬,"犬 滑り止め シール 【獣医師推奨】 PAW WING パウウイング Grip plus 【48枚入り】 犬用 くつ ペット 靴下 肉球 保護 傷防止 すべり 止め フット パッド フローリング 靴 (SSサイズ, Bサークル・ブラック)",2280,"https://images-fe.ssl-images-amazon.com/images/I/61WDMJRsYhL._AC_UL600_SR600,400_.jpg",apparel,
B0BVTRXRBM,犬,犬 おむつ 男の子用マナーベルト NEW おしっこインジケーターのデザイン 高吸収性 ズレない 漏れにくいおむつウェア お漏らし対策 高齢犬介護 マーキング防止 消臭 蒸れなく快適 腹巻風おむつカバー,3950,"https://images-fe.ssl-images-amazon.com/images/I/71-jEHWhW9L._AC_UL600_SR600,400_.jpg",apparel,senior|odor|leak-proof
B0BXPFB67B,犬服,"【日本国内検品】 犬服 春 夏 犬の服 夏用 タンクトップ 涼しい バスケットボールユニフォーム 23号 通気メッシュベスト ノースリーブベスト わんこ服 小型犬 中型犬 大型犬 猫服(④ブルー,L)",749,"https://images-fe.ssl-images-amazon.com/images/I/61BRYP5UsBL._AC_UL600_SR600,400_.jpg",apparel,hot-summer|small-dog|large-dog|medium-dog
B0D6Z17B87,JOYFUSION,JOYFUSION 犬 レインコート 犬用傘 防水 着せやすい こーひ 完全防水 速乾ショール 梅雨対策 透明フード付きケープ 着脱簡単 防雪 透湿 軽量 マジックテープ サイズ調整可能 小型犬 中型犬用 大型犬 防塵 梅雨対策 耐久性あり(イエロー 3XL（10-14KG）),2350,"https://images-fe.ssl-images-amazon.com/images/I/614mX4Y3U5L._AC_UL600_SR600,400_.jpg",apparel,small-dog|large-dog|medium-dog|leak-proof|rain
B07TGSM4JX,犬,"犬 滑り止め シール 【獣医師推奨】 PAW WING パウウイング 【48枚入り】 犬用 くつ ペット 靴下 肉球 保護 傷防止 すべり 止め フット パッド フローリング 靴 (【S】×1セット, ブラック)",2280,"https://images-fe.ssl-images-amazon.com/images/I/61p9kn+XGGL._AC_UL600_SR600,400_.jpg",apparel,
B0DW3LTHXR,MANDARINE,"MANDARINE BROTHERS マンダリンブラザーズ INSECT SKIN TIGHT SUIT インセクトスキンタイトスーツ 防虫 犬 服 ドッグウェア つなぎ (PISTACHIO, 3L)",5940,"https://images-fe.ssl-images-amazon.com/images/I/71g9yUAfweL._AC_UL600_SR600,400_.jpg",apparel,
B09QZ1L1HT,RIOSTUDIO,"RIOSTUDIO 犬服 犬の服 春夏用 XS~2XL フルーツ柄タンクトップ キャミソールワンピース メッシュ 通気メッシュベスト 可愛い 格好いい 犬のお洋服 薄手 日焼け止め 脱毛保護 ルームウェア 部屋着 乾きやすい 夏服 お散歩 お出掛け 猫服 キャットウェア（③バナナタンク,S）",469,"https://images-fe.ssl-images-amazon.com/images/I/61XdZecY79L._AC_UL600_SR600,400_.jpg",apparel,hot-summer|shedding
B0BNXGNK77,犬,犬 誕生日グッズ 犬 誕生日 スタイ 犬 バースデー 犬 誕生日帽子 猫 誕生日 犬 誕生日プレゼント 誕生日帽子 3点セット 数字付き 犬 誕生日 よだれかけ プレゼント ペット HAPPY BIRTHDAY クリスマス ペット服 飾り バースデー 誕生日グッズ タオル 犬 帽子 蝶ネクタイ スタイ 猫 タオル かわいい唾液タオル 犬 誕生日グッズ 小型犬,890,"https://images-fe.ssl-images-amazon.com/images/I/61RzQqNSjaL._AC_UL600_SR600,400_.jpg",apparel,small-dog
B098STZ7LY,ドックウェア,"ドックウェア 犬用帽子 キャップ 夏 野球帽 日よけ 日焼け防止 紫外線対策 小型犬 中型犬 大型犬 お出かけ 散歩 (L, ブルー)",959,"https://images-fe.ssl-images-amazon.com/images/I/71s4m027FgS._AC_UL600_SR600,400_.jpg",apparel,hot-summer|small-dog|large-dog|medium-dog
B0BKPW9DTK,LIKOKLIN,"LIKOKLIN ドッグブーツ 犬靴 ドッグシューズ 犬 靴 防水 脱げにくい 犬の靴 滑り止め 肉球 保護 犬用 靴 犬用靴 犬用 シューズ ゴム底 通気性 愛犬のお散歩 防水 雨の日 中、大型犬 犬 散歩 介護 傷防止 すべり 止め 足元の汚れ 足舐め防止 反射マジックテープ 軽量通気 メッシュ お ４個入り (ホワイト, 7#(4個入り))",,"https://images-fe.ssl-images-amazon.com/images/I/712UV8kAIEL._AC_UL600_SR600,400_.jpg",apparel,hot-summer|large-dog|senior|leak-proof|night-walk|rain
B07WS3L3VK,PLATZ,PLATZ PET SUPPLISES&FUN(プラッツ) 犬用おもちゃ サーカスボール 小型犬 Sサイズ,990,"https://images-fe.ssl-images-amazon.com/images/I/617ehGOigvL._AC_UL600_SR600,400_.jpg",toy-ball,small-dog
B07B8VRYHK,ドギーマン,ドギーマン 犬用おもちゃ ソフトノーパンクボール Sサイズ×2個入,369,"https://images-fe.ssl-images-amazon.com/images/I/61r85Z38ImL._AC_UL600_SR600,400_.jpg",toy-ball,
B005BYFHD0,JW,JW Pet Company 犬用おもちゃ ベイビー ホーリーローラー ライトブルー,713,"https://images-fe.ssl-images-amazon.com/images/I/61TOPFW47uL._AC_UL600_SR600,400_.jpg",toy-ball,night-walk
B0DMFDP8VC,MateeyLife,MateeyLife 犬 知育玩具 2in1 犬 おもちゃ 頑丈なおやつ自販機＆早食い防止ボール ペットの一人遊び 退屈解消 精神刺激 犬用知育おもちゃ 知能玩具 おやつディスペンサー,1599,"https://images-fe.ssl-images-amazon.com/images/I/71qzV0SA3qL._AC_UL600_SR600,400_.jpg",toy-ball,slow-feed|mental-stim
B0012UP6HY,ドギーマン,ドギーマン 犬用おもちゃ じゃれワンワン! ボール,348,"https://images-fe.ssl-images-amazon.com/images/I/71r1dmcC5OL._AC_UL600_SR600,400_.jpg",toy-ball,
B00MIL07YS,Kong(コング),Kong(コング) コングスクイークエアー S 3個入 コングを使った7つの解決策(噛む 歯固め 分離不安 退屈吠える&掘る クレートトレーニング 体重管理) 知育玩具 しつけ,607,"https://images-fe.ssl-images-amazon.com/images/I/71J-wTr5FwL._AC_UL600_SR600,400_.jpg",toy-ball,pulling-training|mental-stim
B07PBHVBBM,PLATZ,PLATZ PET SUPPLIES & FUN 犬用おもちゃ メガエッグ Lサイズ,1773,"https://images-fe.ssl-images-amazon.com/images/I/61f661xQYGL._AC_UL600_SR600,400_.jpg",toy-ball,
B07XGJ8XYQ,デュラプレイ,デュラプレイ ボール 犬用おもちゃ Sサイズ ネオンピンク | ハーツ(Hartz) | ラテックス素材 | ベーコンフレーバー | 投げて遊べる,459,"https://images-fe.ssl-images-amazon.com/images/I/71n3LqsbNmL._AC_UL600_SR600,400_.jpg",toy-ball,
B0GL1M1HPB,Cheerble【令和8年最新モード登場！】犬,Cheerble【令和8年最新モード登場！】犬 ボール 自動 動くおもちゃ ハートビート機能で安心感 3つのモード カバー交換OK 分離不安対策 運動不足・退屈解消 安全なE-TPU素材採用 122gの超軽量 小型犬～大型犬対応（Wicked Ball Air Neo ロイヤルブルー）,5580,"https://images-fe.ssl-images-amazon.com/images/I/71UgESJlflL._AC_UL600_SR600,400_.jpg",toy-ball,small-dog|large-dog|night-walk|mental-stim
B07TMFLXWT,PLATZ,PLATZ PET SUPPLIES & FUN 犬用おもちゃ アトミックボール Lサイズ レッド,1418,"https://images-fe.ssl-images-amazon.com/images/I/61erm8YQcvL._AC_UL600_SR600,400_.jpg",toy-ball,
B0FK59PBW7,JIMIGUGU,JIMIGUGU 犬ボール 犬おもちゃ ファー付き 自動 電動ボール 光る 弾むボール USB充電 自動回転 お留守番 中小型犬 運動不足対策 ストレス解消 耐久性 安全 ペット用品 一人遊び (青),749,"https://images-fe.ssl-images-amazon.com/images/I/61L7AivSPGL._AC_UL600_SR600,400_.jpg",toy-ball,small-dog|night-walk|safety|mental-stim
B097ZBPQNP,YFFSFDC犬おもちゃ,YFFSFDC犬おもちゃ 噛むおもちゃ 犬用ボール音の出るおもちゃ 天然ゴム 弾力性 耐久性ストレス解消 訓練用 中小型犬に適用サイズ6.5cm 3個セット（青 +緑 +オレンジ）,880,"https://images-fe.ssl-images-amazon.com/images/I/71niPXYUf4S._AC_UL600_SR600,400_.jpg",toy-ball,small-dog|mental-stim
B0GR8VN743,犬,【Candykenny 2026年頂点進化・全自動】犬 ボール 動くおもちゃ 自動回転 障害物検知 逃げる 不規則な動き 光る LED | 狩猟本能を刺激 追いかける 運動不足解消 ストレス発散 | USB充電 丸洗いOK 中小型犬向け 猫用(ブルー),2998,"https://images-fe.ssl-images-amazon.com/images/I/615MRby31ZL._AC_UL600_SR600,400_.jpg",toy-ball,small-dog|night-walk|mental-stim
B0DF7HSD76,ドギーマン,ドギーマン やっぱり！マカロニラバーボールＳ×2個セット（犬用ボール玩具用）,947,"https://images-fe.ssl-images-amazon.com/images/I/61jRlS82BSL._AC_UL600_SR600,400_.jpg",toy-ball,
B013GU004G,PLATZ,PLATZ PET SUPPLISES&FUN(プラッツ)犬用おもちゃ センサリーボール Mサイズ,836,"https://images-fe.ssl-images-amazon.com/images/I/714OjrNHDRL._AC_UL600_SR600,400_.jpg",toy-ball,
B00X9OOZ46,PLATZ,PLATZ PET SUPPLISES&FUN(プラッツ) 犬用おもちゃ 小型犬 キャタピー Jr.,846,"https://images-fe.ssl-images-amazon.com/images/I/614deEnIdTL._AC_UL600_SR600,400_.jpg",chew,small-dog
B085RYZVBB,SCHITEC,SCHITEC 犬おもちゃ 音の出る 【6点セット】 噛むおもちゃ ストレス解消 運動不足 卵の形 子犬 小型犬に適用,1499,"https://images-fe.ssl-images-amazon.com/images/I/61hWkNqZE8L._AC_UL600_SR600,400_.jpg",chew,small-dog|puppy|mental-stim
B0FJ92931B,ペットおもちゃ,ペットおもちゃ 犬用音が出る ぬいぐるみ製 インタラクティブトレーニング 小型犬用・中型犬用・大型犬用知育玩具 (茶色),1399,"https://images-fe.ssl-images-amazon.com/images/I/71mPZw-HfiL._AC_UL600_SR600,400_.jpg",chew,small-dog|large-dog|medium-dog|pulling-training|mental-stim
B01C42OELM,ペティオ,ペティオ (Petio) 犬用おもちゃ モコモコシャカシャカTOY ハリネズミ 超小型・小型犬用,517,"https://images-fe.ssl-images-amazon.com/images/I/71vqQSq4AjL._AC_UL600_SR600,400_.jpg",chew,cold-winter|small-dog
B00A87M5OY,ラブペッツバイベストエバー,【LOVE PETS by BESTEVER】 ラブペッツバイベストエバー ペットトイ えび天 Shrimp Tempra 31628,973,"https://images-fe.ssl-images-amazon.com/images/I/51BeEZQWOKL._AC_UL600_SR600,400_.jpg",chew,
B015ZRALM4,PLATZ,PLATZ PET SUPPLISES&FUN(プラッツ) 犬用おもちゃ 小型犬 スクリーミングチキン イエロー,580,"https://images-fe.ssl-images-amazon.com/images/I/71LyD34rDjL._AC_UL600_SR600,400_.jpg",chew,small-dog
B001APH4RG,Kong(コング),Kong(コング) コングスモールウァバ ピンク M サイズ コングを使った7つの解決策(噛む 歯固め 分離不安 退屈吠える&掘る クレートトレーニング 体重管理) 知育玩具 しつけ,835,"https://images-fe.ssl-images-amazon.com/images/I/61yjVJ-7PAL._AC_UL600_SR600,400_.jpg",chew,pulling-training|mental-stim
B000WQCYK6,ドギーマン,ドギーマン 犬用おもちゃ じゃれワンワン! ひよこ,333,"https://images-fe.ssl-images-amazon.com/images/I/710ATr6P11L._AC_UL600_SR600,400_.jpg",chew,
B0D9YGCTSL,犬,犬 ボクシング パペット カンフー動物玩具 ハスキーグローブ 音とボクシングアクションギフト 子供 ペット 猫 犬(1個),1200,"https://images-fe.ssl-images-amazon.com/images/I/71aNOZksytL._AC_UL600_SR600,400_.jpg",chew,
B01M059AAJ,Kong(コング),Kong(コング) 犬 おもちゃ コング ワイルドノット テディ M ブラウン コングを使った7つの解決策(噛む 歯固め 分離不安 退屈吠える&掘る クレートトレーニング 体重管理) 知育玩具 しつけ,1281,"https://images-fe.ssl-images-amazon.com/images/I/81dQRUPmWdL._AC_UL600_SR600,400_.jpg",chew,pulling-training|mental-stim
B08CNGW6YX,GiGwi(ギグウィ)犬用おもちゃ,GiGwi(ギグウィ)犬用おもちゃ デンタルトーイ パーフェクトアントラー XS,771,"https://images-fe.ssl-images-amazon.com/images/I/41+8mvCJ6VL._AC_UL600_SR600,400_.jpg",chew,dental-care
B0FMKB4B5K,Cheerble【ワンワンモード搭載】犬おもちゃ,Cheerble【ワンワンモード搭載】犬おもちゃ 自動で動く ボール型 ロープ付き E-TPU素材 USB充電式 3つの遊びモード 音声ユニット搭載 交換カバー対応 小型犬・大型犬対応 ストレス解消・お留守番対策（Wicked Ball Rolly ロイヤルブルー）,5980,"https://images-fe.ssl-images-amazon.com/images/I/71g6RT7xerL._AC_UL600_SR600,400_.jpg",chew,small-dog|large-dog|safety|mental-stim
B0C39T3VFH,WXVOVXW,WXVOVXW 犬 知育玩具 犬 おもちゃ 犬 知育玩具 ノーズワーク 犬 ノーズワークマット 犬 知育玩具 犬 おもちゃ 音が鳴る 犬 ペット食器 分離不安 ストレス解消 脳トレ 集中力向上 嗅覚訓練 運動不足 早食い防止 小/中/大型犬（level 1）,1399,"https://images-fe.ssl-images-amazon.com/images/I/71LnDAlf9dL._AC_UL600_SR600,400_.jpg",chew,large-dog|slow-feed|mental-stim
B0GJSP92DH,サムコス,サムコス スクイーズ玩具 鳴き笛 15個セット 押し笛 おもちゃ スクイーズ 笛 DIY 手芸 ぬいぐるみ の出る 犬おもちゃ 発声器 玩具アクセサリー (30mm),508,"https://images-fe.ssl-images-amazon.com/images/I/51Fr46w3EyL._AC_UL600_SR600,400_.jpg",chew,
B0B92H646D,ブライトキンズ(Brightkins),ブライトキンズ(Brightkins) Brightkins ペットトレーニングツール カチッとごほうびクリッカー ドッグ LER9382 正規品,1190,"https://images-fe.ssl-images-amazon.com/images/I/61Gw+iZ1WcL._AC_UL600_SR600,400_.jpg",chew,pulling-training|night-walk
B0CW9SXXW3,EHEYCIGA,EHEYCIGA 犬 階段 ステップ ペット階段 ドッグステップ 犬 スロープ 高密度 滑り止め付き 安定性 カバー取り外し可能 洗える 小型犬適用（グレー、40x50x30cm、2段plus),3480,"https://images-fe.ssl-images-amazon.com/images/I/812LwtR7fAL._AC_UL600_SR600,400_.jpg",bed,small-dog
B0F7QVZKSQ,ひんやり,"ひんやり ペット用シーツ 冷感 シーツ 【3Dメッシュ構造でムレにくい×従来品比30％厚手】夏用 ペット用 冷感シーツ 犬 猫 ペット 接触冷感シーツ マット 寝具 冷感敷きパッド 速乾 消臭 滑り止め 介護 丸ごと洗える 繰り返し利用可能 中型 大型 犬・猫 犬用 (グレー, Lサイズ (x 1))",1890,"https://images-fe.ssl-images-amazon.com/images/I/71ni2L29UTL._AC_UL600_SR600,400_.jpg",bed,hot-summer|senior|odor
B0F1FHRPNY,RAKU,RAKU HOME【実用新案】犬 猫 ベッド 夏 冷感 ひんやり【業界最高Ｑ-MAX0.55×W抗菌】 ペットベッド クッション 洗える 犬用 ベッド 猫用 猫ベッド 犬ベッド 夏用ベッド クール 3Dメッシュ 通気 滑り止め付き 耐久性 小型犬 中型犬 スクエア M 40×50×15CM ベージュ,3980,"https://images-fe.ssl-images-amazon.com/images/I/61VNFUjPjmL._AC_UL600_SR600,400_.jpg",bed,hot-summer|small-dog|medium-dog|odor|joint-care
B0CFZH4QVF,犬,犬 猫 ベッド冬 通年 洗える オールシーズン 【帝人中綿使用 抗菌防臭】ペットベッド 猫 犬 クッション 犬用ベッド 猫用ベッド【噛んでも破れない 冷え防止設計 ふわふわ 】 冬夏用 ペットクッション ペットソファー 滑り止め加工 犬用 べット 犬のベッド 小型犬 中型犬 Lemon Bear(グレー 50X40X15CM),3480,"https://images-fe.ssl-images-amazon.com/images/I/71wmJBQe1eL._AC_UL600_SR600,400_.jpg",bed,cold-winter|hot-summer|small-dog|medium-dog|odor|joint-care
B0DBZ2L9HL,EHEYCIGA,EHEYCIGA 犬 ベッド ペットベッド 防水 猫 ベッド 洗える 犬用 クッション 高反発 取り外せるカバー 滑り止め オールシーズン 小型犬 中型犬(61x45x15cm，ベージュ),3184,"https://images-fe.ssl-images-amazon.com/images/I/71hOtiDU6PL._AC_UL600_SR600,400_.jpg",bed,small-dog|medium-dog|leak-proof|rain|joint-care
B0GF1GN9PL,RAKU,RAKU HOME【宇宙調温テクノロジー】犬 ベッド 猫 ベッド 通年 洗える オールシーズン 【PCM体温調節 W抗菌防臭】 クッション 小型犬 中型犬 ペットベッド 犬用ベッド 猫ベッド 猫用ベッド 犬ベッド エアロゲル 断熱 アルミシート 保温 ふわふわ ふかふか 滑り止め ペット 用品 ベット 冬夏兼用 スクエア M 40×50×15CM アイボリー,3980,"https://images-fe.ssl-images-amazon.com/images/I/61mrpqXC4rL._AC_UL600_SR600,400_.jpg",bed,cold-winter|hot-summer|small-dog|medium-dog|odor|joint-care
B0DSW5NZZ4,Sunquinn,Sunquinn 猫 犬 ベッド 猫ベッド 犬用 ペットベッド 洗える 滑り止め 通気性 オールシーズン クッション スクエア型（外寸50Lx40Wx14Hcm ベージュ）,1680,"https://images-fe.ssl-images-amazon.com/images/I/81vE2r2WnEL._AC_UL600_SR600,400_.jpg",bed,hot-summer|joint-care
B0D1GGSRKM,IMA,IMA HOME 【瞬涼®冷感×獣医師監修】 犬 猫 ベッド 夏 ひんやり 冷感 ペットベッド 犬用ベッド 洗える W抗菌防臭 3Dメッシュ 通気性 犬ベッド 夏用 猫ベッド クール ふわふわ 光触媒加工 暑さ対策 ペットクッション 滑り止め 小型犬 中型犬 (M 50X40X15cm グレー),3980,"https://images-fe.ssl-images-amazon.com/images/I/71GSspYIvML._AC_UL600_SR600,400_.jpg",bed,hot-summer|small-dog|medium-dog|odor|joint-care
B0GR42C1HG,猫,【-5℃冷感×ムレ解消テクノロジー】猫 犬 ひんやりマット 夏 Q-MAX0.56 犬 冷感マット【業界初の気孔構造×3Dメッシュ構造でムレにくい】ペットクールマット【光触媒×抗菌防臭防ダニ中わた】犬ベッド 洗える 猫マット 暑さ対策 360°通気 滑り止め付き 小型犬 中型犬 40×50CM ベージュ,1980,"https://images-fe.ssl-images-amazon.com/images/I/71JRb1gwRML._AC_UL600_SR600,400_.jpg",bed,hot-summer|small-dog|medium-dog|odor
B0CB9XC19S,Hansleep,"Hansleep 猫 ベッド 犬 ベッド ペットベッド ふわふわ クッション 両面用 S 通年 小型犬用 リバーシブル ぐっすり眠る キャット 猫用 ペット用品 (50L x 40W x 12H cm, ベージュ)",1680,"https://images-fe.ssl-images-amazon.com/images/I/71PILnzH-XL._AC_UL600_SR600,400_.jpg",bed,small-dog|joint-care
B0CXSP59XN,Paerduo,"Paerduo ペット用冷却マット 二重構造 防水加工 クールマット 犬・猫用 八つ折り畳めるひんやりマット 無害ジェル 接触冷感 冷却ジェルマット 省エネ 水洗い可 熱中症対策 小・中型犬 猫 ウサギなどのペットに対応可能 人間用にも(長方形, M(50*65cm))",2060,"https://images-fe.ssl-images-amazon.com/images/I/81Vcf-kra5L._AC_UL600_SR600,400_.jpg",bed,hot-summer|medium-dog|leak-proof|rain
B0DNQNTPWX,Lazy,Lazy Sky 犬 ベッド 夏 猫 ベッド 冷感 ひんやり【究極冷感 帝人調湿中綿 】ペットベッド 犬用ベッド 猫用ベッド 夏用 QMAX0.5 クール 涼しい 3Dメッシュ高通気性 光触媒加工W抗菌防臭 洗える ふもちふわ ペットソファー 暑さ対策 滑り止め ペットクッション 滑り止め(熊柄・グレー 50X40X15CM),3184,"https://images-fe.ssl-images-amazon.com/images/I/81gYa+VnWuL._AC_UL600_SR600,400_.jpg",bed,hot-summer|odor|joint-care
B0DTJQ7P99,EHEYCIGA,"EHEYCIGA 犬 ベッド ペット 犬用ベッド 洗える 防水 猫 ベッド 高反発 クッション M 小型犬 中型犬 取り外せるカバー 滑り止め （ベージュ, 76x51x16.5cm）",3664,"https://images-fe.ssl-images-amazon.com/images/I/71Sd59Op0OL._AC_UL600_SR600,400_.jpg",bed,small-dog|medium-dog|leak-proof|rain|joint-care
B0FJS3HFVY,COZY,COZY KISS 犬 階段 高密度スポンジ 防水加工 ドッグステップ 滑り止め底面 カバー取り外し洗える コンパクト収納 ペット階段 (ベージュ、40×57×40cm、3段),4990,"https://images-fe.ssl-images-amazon.com/images/I/71t7ghXisNL._AC_UL600_SR600,400_.jpg",bed,leak-proof|rain
B0BDH15Y5M,Yuriya,Yuriya ペット マット 猫 ベッド ふわふわ フリース 綿 リバーシブル ふかふか スクエア型 暖かい 柔らかい 洗える 犬 ペット クッション 布団 防寒 寒さ対策 通年 クラウン 22*34,850,"https://images-fe.ssl-images-amazon.com/images/I/51DhZrYKVHL._AC_UL600_SR600,400_.jpg",bed,cold-winter|joint-care
B0GSRJMWP2,猫,"【獣医師が監修】 猫 食器 フードボウル 吐き戻し 防止 犬 ペットボウル ペット食器 餌皿 エサ皿 水飲み 傾斜 斜め 食べやすい 陶器 早食い対策 (ホワイト, 大サイズ)",1480,"https://images-fe.ssl-images-amazon.com/images/I/51PycPKfwgL._AC_UL600_SR600,400_.jpg",bowl,slow-feed
B0CHMS7GWJ,MateeyLife,MateeyLife 犬 早食い防止 食器 大型犬 対応 ノンスリップ 迷路デザインボウル 消化促進 胃捻転・胃拡張 対策 アンチガルプ 食洗機対応 安全素材 PP製,899,"https://images-fe.ssl-images-amazon.com/images/I/71F-EWIBWuL._AC_UL600_SR600,400_.jpg",bowl,large-dog|night-walk|slow-feed
B07JQ93FW6,猫壱,猫壱 ハッピーダイニング 犬用 脚付フードボウル レギュラー 食器 電子レンジ&食器洗浄機対応,1577,"https://images-fe.ssl-images-amazon.com/images/I/51EDV4C5P6L._AC_UL600_SR600,400_.jpg",bowl,
B0BZQ8T1ZF,早食い防止,"【獣医師推薦】 早食い防止 食器 【独自の凹凸設計】 犬 ワンちゃん 餌入れ (M,ライトピンク)",1480,"https://images-fe.ssl-images-amazon.com/images/I/61hIePRow5L._AC_UL600_SR600,400_.jpg",bowl,night-walk|slow-feed
B07KCQS8NG,S.P.B.,S.P.B. (スーパーペットボウル)犬用食器 シングルダイナー TALL Mサイズ,1545,"https://images-fe.ssl-images-amazon.com/images/I/71+dnp3vlGL._AC_UL600_SR600,400_.jpg",bowl,
B0FKB96THT,フードボウル,"[Pawspick] フードボウル 陶器 早食い防止 食器 中型犬 大型犬 猫 犬 ペット えさ皿 スローフィーダー 健康管理 スタンド付き (アイボリー, 【L】スタンド付き)",,"https://images-fe.ssl-images-amazon.com/images/I/61ZqZt6zpmL._AC_UL600_SR600,400_.jpg",bowl,large-dog|medium-dog|slow-feed
B0D6V746GB,Petifam,Petifam 陶器製早食い防止皿 ローズ 早食い防止 皿 陶器 犬 食器 皿 ごはん皿 エサ皿 ペットボウル フードボウル 早食い 飲み込み 吐き戻し ダイエット 肥満 カラフル ホワイト オレンジ ブラック (ホワイト Ｓ),1584,"https://images-fe.ssl-images-amazon.com/images/I/61PhyBJkeJL._AC_UL600_SR600,400_.jpg",bowl,slow-feed
B0DF1KPQ6K,ドギーマン,ドギーマン ステンレスの食器 ごはんにゃわん 犬用 ＭＩＮＩ ダイナー（犬用食器）,629,"https://images-fe.ssl-images-amazon.com/images/I/614hlFq8xsL._AC_UL600_SR600,400_.jpg",bowl,
B0C698P3PK,AoAkiSORA,AoAkiSORA ペット用 竹製スタンド付き フードボウル 小型 400ml ウォーター ボウル 竹製台座 取り外し可能 犬 子犬 犬猫用 タイニー シンプル 餌・水入れ 吐き戻し防止 清潔感 無垢 純粋 白 (400ml ホワイト),2180,"https://images-fe.ssl-images-amazon.com/images/I/41faeG11WjL._AC_UL600_SR600,400_.jpg",bowl,puppy
B0GSR61B79,Perky,Perky Tail 早食い防止 食器 犬 猫 はやぐい防止皿 小型犬 えさ皿 陶器 脚付フードボウル 高さ 15度の傾斜 吐き戻し軽減 肥満予防 首の負担を軽減 ホワイト,1499,"https://images-fe.ssl-images-amazon.com/images/I/61obdBfXvKL._AC_UL600_SR600,400_.jpg",bowl,small-dog|slow-feed
B0FVXL45TF,早食い防止皿,早食い防止皿 早食い防止 猫 小型犬 猫 陶器お皿 フードボウル 吐き戻し ダイエット エサ皿 肥満 大容量 セラミックス 300ML (ベージュ),1990,"https://images-fe.ssl-images-amazon.com/images/I/51WP0jDe+hL._AC_UL600_SR600,400_.jpg",bowl,small-dog|slow-feed
B07KXRQ3ZD,リッチェル,リッチェル こぼれにくい 脚付ドッグディッシュ ホワイト S サイズ,519,"https://images-fe.ssl-images-amazon.com/images/I/511rrguQSXL._AC_UL600_SR600,400_.jpg",bowl,
B00VQXRY1S,SPB,SPB フェスティバボウル M ピンク,460,"https://images-fe.ssl-images-amazon.com/images/I/81fdT6SS2EL._AC_UL600_SR600,400_.jpg",bowl,
B0FK5QRQX5,Perky,Perky Tail 早食い防止 食器 犬 はやぐい防止皿 小型犬 陶器 皿 滑り止め えさ皿 お手入れ簡単 ご飯皿 健康管理 (S),1299,"https://images-fe.ssl-images-amazon.com/images/I/61A+HG3AnpL._AC_UL600_SR600,400_.jpg",bowl,small-dog|slow-feed
B0GSR8M5T7,Perky,Perky Tail 早食い防止 食器 犬 猫 早食い防止 はやぐい防止皿 小型犬 陶器 脚付フードボウル 高さ 15度の傾斜 吐き戻し軽減 肥満予防 首の負担を軽減 ブルー×ピンク,1699,"https://images-fe.ssl-images-amazon.com/images/I/61xHwrZaaCL._AC_UL600_SR600,400_.jpg",bowl,small-dog|slow-feed
B0899W5G17,アイリスオーヤマ(IRIS,アイリスオーヤマ(IRIS OHYAMA) ペットシーツ 厚型 超吸収 抗菌 消臭 小型犬・中型犬 12時間交換不要 ワイド 42枚入,1191,"https://images-fe.ssl-images-amazon.com/images/I/611ETr+jDcL._AC_UL600_SR600,400_.jpg",pad,small-dog|medium-dog|odor|leak-proof
B0DXQ6RSRK,ペットアンドミー,ペットアンドミー Pet&me ペットシーツ 厚型 ワイドサイズ 45×60cm 3回吸収タイプ 50枚入り,1479,"https://images-fe.ssl-images-amazon.com/images/I/81q45HfSE7L._AC_UL600_SR600,400_.jpg",pad,leak-proof
B0BTP6MZ6M,Famy,Famy ファミー ペットシーツ JPPMA認証 薄型 ワイド 100枚入り うす型 1回使い切りタイプ ブルー,1647,"https://images-fe.ssl-images-amazon.com/images/I/51pKM+qOoAL._AC_UL600_SR600,400_.jpg",pad,odor
B0GSJKFZPT,Moripet,"Moripet ペットシーツ ワイド 薄型 犬ペットシーツ 薄型 1回使い切りタイプ (ワイド（薄型）, 100枚)",1495,"https://images-fe.ssl-images-amazon.com/images/I/71lLz11xjTL._AC_UL600_SR600,400_.jpg",pad,odor
B0BFZQKNNX,デオシート,デオシート しっかり超吸収(おしっこ5回分) 無香消臭 ワイド 162枚(54枚×3袋) 犬用 トイレシート [ケース品]【Amazon.co.jp限定】,6737,"https://images-fe.ssl-images-amazon.com/images/I/81NfFZ8MsBL._AC_UL600_SR600,400_.jpg",pad,odor|leak-proof
B0B8QSWMZ8,デオシート,デオシート PREMIUM 12時間超消臭・超吸収(おしっこ5回分) ワイド 84枚(42枚×2) 犬用 トイレシート [ケース品]【Amazon.co.jp限定】,3872,"https://images-fe.ssl-images-amazon.com/images/I/81bmI8XA6cL._AC_UL600_SR600,400_.jpg",pad,odor|leak-proof
B07F6DQF1B,ネオ・ルーライフ,ネオ・ルーライフ ネオシーツ カーボン DX ペットシーツ レギュラー 88枚入×4袋 全352枚 (ケース販売),6400,"https://images-fe.ssl-images-amazon.com/images/I/81nm8WfySgL._AC_UL600_SR600,400_.jpg",pad,odor
B0D3SZYG68,フリーリー,フリーリー ペットシーツ 薄型 レギュラー 200枚,2109,"https://images-fe.ssl-images-amazon.com/images/I/51k72iSumqL._AC_UL600_SR600,400_.jpg",pad,odor
B0CWQ56FV5,ネオ・ルーライフ,ネオ・ルーライフ ネオシーツ カーボン DX ペットシーツ ワイド 36枚入り×3袋 全108枚 (ケース販売),5045,"https://images-fe.ssl-images-amazon.com/images/I/51Fn0jUL+8L._AC_UL600_SR600,400_.jpg",pad,odor
B00CWPZMOK,アイリスオーヤマ,アイリスオーヤマ ペットシーツ 薄型 1回使い捨て 抗菌 消臭 小型犬 レギュラー 200枚×4袋(800枚入) (ケース販売),4020,"https://images-fe.ssl-images-amazon.com/images/I/51190bDRzaL._AC_UL600_SR600,400_.jpg",pad,small-dog|odor
B00TWYLODC,ペティオ,ペティオ (Petio) お手入れらくらく ドッグトレー専用 シーツ破れ防止カバー グレー 犬用,650,"https://images-fe.ssl-images-amazon.com/images/I/71GrL7lVT+L._AC_UL600_SR600,400_.jpg",pad,odor
B08TXBZWJN,ボンビアルコン,ボンビアルコン (Bonbi) しつけるシーツ幼犬用neoレギュラーサイズ 40枚 レギュラー,822,"https://images-fe.ssl-images-amazon.com/images/I/8162IqOOFRS._AC_UL600_SR600,400_.jpg",pad,puppy|pulling-training
B0G5QMLZPR,ペットアンドミー,ペットアンドミー Pet&me ペットシーツ 超吸収 消臭【厚型 プレミアム仕様】 スーパーワイド 60×90cm 3回吸収タイプ 15枚入,1044,"https://images-fe.ssl-images-amazon.com/images/I/81266CxFbDL._AC_UL600_SR600,400_.jpg",pad,odor|leak-proof
B00GLJGMN8,アイリスオーヤマ,アイリスオーヤマ ペットシーツ 超厚型 お徳用 レギュラー 200枚入【Amazon.co.jp限定】,4146,"https://images-fe.ssl-images-amazon.com/images/I/51rBUBeKlbL._AC_UL600_SR600,400_.jpg",pad,odor
B08HQ2FMXT,アイリスオーヤマ,アイリスオーヤマ ペットシーツ 厚型 抗菌 消臭 小型犬・中型犬 ワイド 200枚入 (ケース販売),4020,"https://images-fe.ssl-images-amazon.com/images/I/511xOWaagqL._AC_UL600_SR600,400_.jpg",pad,small-dog|medium-dog|odor
B093HJJV9L,SanMori,【正規品】SanMori ペット用 痛くない ヒーリングブラシ スリッカーブラシ 長毛・短毛種 くし ワンマッサージしながら抜け毛除去 ボタンを押して抜け毛が簡単に取れる ペットグルーミングブラシ 猫・犬兼用(グレー),1799,"https://images-fe.ssl-images-amazon.com/images/I/61Bb8vO0EpL._AC_UL600_SR600,400_.jpg",grooming,shedding
B0FDGYP74V,Pukyia,Pukyia 抜け毛ブラシ 痛くない 毛とりブラシ ペット用 獣医師開発 ディシェッダー 犬猫兼用 長毛短毛対応,1480,"https://images-fe.ssl-images-amazon.com/images/I/71md8pe40tL._AC_UL600_SR600,400_.jpg",grooming,shedding
B07XFB3H2Y,タングルティーザー,タングルティーザー ペットティーザー スモール ソフト/スリーピーライラック 犬用 [国内正規品],1818,"https://images-fe.ssl-images-amazon.com/images/I/51nSDGqb4GL._AC_UL600_SR600,400_.jpg",grooming,
B0F2MXM8RK,ペティオ,ペティオ (Petio) 犬猫用 FIXCARE ピン先が優しく握りやすい ソフトスリッカーブラシ S,995,"https://images-fe.ssl-images-amazon.com/images/I/61HJ1YBrHcL._AC_UL600_SR600,400_.jpg",grooming,
B0FSD1QN46,犬ブラシ,【ペットエキスパート監修】 犬ブラシ 猫ブラシ 毛取り 犬猫兼用 グルーミンググローブ ペット用 しあわせのブラッシンググローブ NADENADE(Pawピンク),1180,"https://images-fe.ssl-images-amazon.com/images/I/71d0MEkAbYL._AC_UL600_SR600,400_.jpg",grooming,
B0BDDB9V96,ドギーマン,ドギーマン ペット美容室 掃除機能付きクッションスリッカーブラシ 犬、猫,1245,"https://images-fe.ssl-images-amazon.com/images/I/61cCQMbIsQL._AC_UL600_SR600,400_.jpg",grooming,
B0DFH3YPTJ,LOYAL,LOYAL SEA 猫 犬 ブラシ ブラッシング ペット用ブラシ スリッカーブラシ 猫 犬 ワンプッシュ式で 毛取りブラシ マッサージ くし 滑り止め 耐久性 抜け毛除去もつれた毛を取り除く 肌に優しい 犬猫兼通 長毛 短毛 グレー,749,"https://images-fe.ssl-images-amazon.com/images/I/616rYNT6RZL._AC_UL600_SR600,400_.jpg",grooming,shedding
B0BNKRNS85,ペット用ブラシ,ペット用ブラシ Funshare 猫 犬 くし 抜け毛取除去簡単 痛くない ボタンを押してワンプッシュ式 マッサージ 丸洗い可能 皮膚に優しい 短毛 中毛 長毛 通用 グレー,899,"https://images-fe.ssl-images-amazon.com/images/I/61DIrUgcxzL._AC_UL600_SR600,400_.jpg",grooming,shedding
B01LWTVJS7,スーパーキャット,スーパーキャット (Super Cat) おウチ・クチュール 豚毛ブラシ OC-19,918,"https://images-fe.ssl-images-amazon.com/images/I/81teaJv8GpL._AC_UL600_SR600,400_.jpg",grooming,
B004VK6ME8,ペティオ,ペティオ (Petio) プレシャンテ ソフトスリッカーブラシ 長毛犬・長毛猫用 S サイズ,1293,"https://images-fe.ssl-images-amazon.com/images/I/61pmKLn3kWL._AC_UL600_SR600,400_.jpg",grooming,
B0FKG262Y1,Fkstyle【ごっそり取れるのに優しい】ペット用ブラシ,Fkstyle【ごっそり取れるのに優しい】ペット用ブラシ 抜け毛取り アーチ型 アンダーコート除去 犬猫兼用 長毛 短毛 V字ステンレス刃 グルーミング 毛玉予防 スキンシップツール（ピンク/ホワイト） (ホワイト),1380,"https://images-fe.ssl-images-amazon.com/images/I/51Z+fxvAUAL._AC_UL600_SR600,400_.jpg",grooming,shedding
B0DZNYM9PR,Yoseka,Yoseka 犬ブラシ 短毛種用 犬 毛玉取りブラシ 犬 ブラッシング ペット用ブラシ 抜け毛除去簡単 ワンプッシュ式ボタン 痛くない 滑り止めハンドル 換毛期 ヘアボール対策 肌ケア 丸洗い可能 耐久性 スリッカーブラシ Mサイズ 刃幅10cm,1822,"https://images-fe.ssl-images-amazon.com/images/I/61h7z4IwXdL._AC_UL600_SR600,400_.jpg",grooming,shedding
B0BJZ525Q6,PETO,PETO ペット用 ワンプッシュ・ブラシ 犬猫用 抜け毛取りブラシ 毛玉ケア 痛くない ステンレス製 人間工学グリップ 小型犬 中型犬 猫 トリミング グルーミング 換毛 お手入れ用品 (カーブブラシ),1580,"https://images-fe.ssl-images-amazon.com/images/I/51wrx3KHbXL._AC_UL600_SR600,400_.jpg",grooming,small-dog|medium-dog|shedding
B0G56G8BVW,犬,犬 シャンプーブラシ ペット用バスブラシ 犬用洗濯ブラシ 泡立て器 ソープディスペンサー付き シャンプーディスペンサー ドッグシャワーブラシ バスブラシ シリコン製 マッサージブラシ 猫・犬兼用 (グリーン),999,"https://images-fe.ssl-images-amazon.com/images/I/61+yAg1iISL._AC_UL600_SR600,400_.jpg",grooming,
B0GQM146KZ,NYAMO,NYAMO 猫ブラシ ワンタッチ除毛 抜け毛対策 痛くない ペットブラシ 長毛短毛対応 犬猫兼用,1180,"https://images-fe.ssl-images-amazon.com/images/I/618yJMyPTTL._AC_UL600_SR600,400_.jpg",grooming,shedding
B0F1FF6TKW,デンタアニマル,【獣医師・薬剤師監修】デンタアニマル 犬 歯磨き粉 猫 歯磨き 犬 歯磨きジェル ペット用品 猫デンタルケア 口臭 歯垢 口腔 DentaAnimal 40g (単品),1598,"https://images-fe.ssl-images-amazon.com/images/I/71YdcfI9BqL._AC_UL600_SR600,400_.jpg",dental,odor|dental-care
B08727JDDF,ライオン,ライオン ペットキッス PETKISS 犬用おやつ 食後の歯みがきガム やわらか ジャンボパック 130gx2袋 LIONPET,1598,"https://images-fe.ssl-images-amazon.com/images/I/71Y003-DKAL._AC_UL600_SR600,400_.jpg",dental,dental-care
B08XB8YF9B,ペティオ,ペティオ (Petio) プラクト 歯みがきデンタルガム 超小型~小型犬 ハード 70g (プラズマ乳酸菌配合・獣医師推奨オボプロン配合),435,"https://images-fe.ssl-images-amazon.com/images/I/71M6HiP3ZZL._AC_UL600_SR600,400_.jpg",dental,small-dog|dental-care
B0CJR722FZ,アニハ,アニハ 犬猫用 液体ハミガキ【獣医師監修】水にまぜるペット用 歯垢除去 口臭 デンタルケア 液体歯磨き 200ml,1980,"https://images-fe.ssl-images-amazon.com/images/I/61nhQNi5DLL._AC_UL600_SR600,400_.jpg",dental,odor|dental-care
B0BT4LHCRH,ライオン,ライオン ペットキッス(PETKISS)歯みがきシート 無香料38枚×3個,1324,"https://images-fe.ssl-images-amazon.com/images/I/61-WB6nq0aL._AC_UL600_SR600,400_.jpg",dental,dental-care
B06XC2RBKX,ライオン,ライオン PETKISS 歯みがきジェル リーフの香り 犬猫兼用 40g LIONPET,468,"https://images-fe.ssl-images-amazon.com/images/I/71x+HuYygjL._AC_UL600_SR600,400_.jpg",dental,dental-care
B097BJXS88,ライオン,ライオン ペットキッス PETKISS犬用おやつ 食後の歯みがきガム 中大型犬用 ジャンボパック 145gx2袋 まとめ買い LIONPET,1535,"https://images-fe.ssl-images-amazon.com/images/I/81GLTSIHZfS._AC_UL600_SR600,400_.jpg",dental,large-dog|dental-care
B09WG1XM1T,グリニーズ,グリニーズ プラス 犬用 歯磨きガム 超小型犬用ミニ 体重1.3-4kg 生後6か月からの 成犬用 90本(30x3パック) 歯みがきガム VOHC認定 総合栄養食 ドッグフード おやつ Greenies 大容量,2809,"https://images-fe.ssl-images-amazon.com/images/I/81PE1cfMD9L._AC_UL600_SR600,400_.jpg",dental,small-dog|dental-care
B0FPWWS49N,デンタアニマル,【獣医師・薬剤師監修】 デンタアニマル 犬 歯磨き粉 猫 歯磨き 歯磨きウォーター 液体歯磨き 犬用 猫用 口腔ケアウォーター デンタルケア ペット用品 水にまぜるだけ 口臭 歯垢 DentaAnimal 200mL (単品),1485,"https://images-fe.ssl-images-amazon.com/images/I/717Xa62eCcL._AC_UL600_SR600,400_.jpg",dental,odor|dental-care
B0C28FZK8J,デンタルふりかけ,[犬猫生活] デンタルふりかけ 犬猫兼用 食べるだけ 口臭 歯垢 ケア | 犬 歯磨き/猫 歯磨き/国産 無添加/口臭ケア/歯垢除去/デンタルパウダー/口腔ケアサプリ[獣医師/ペット栄養管理士共同開発] ほんのり自然な甘さ 30包,6628,"https://images-fe.ssl-images-amazon.com/images/I/71tslU+zPML._AC_UL600_SR600,400_.jpg",dental,odor|dental-care
B0C5NQZJPD,PETLINKMORE,【約80日分】PETLINKMORE 犬猫用 口腔ケアウォーター 【獣医師監修】水に混ぜるだけ 飲む 液体歯磨き 口臭 デンタルケア 国産 無添加 (NORMAL 250ml),2480,"https://images-fe.ssl-images-amazon.com/images/I/51qSgU1Gc4L._AC_UL600_SR600,400_.jpg",dental,odor|dental-care
B01GTF94LU,ライオン,ライオン ペットキッス PETKISS 食後の歯みがきガム 子犬用 超小型~小型犬用 LIONPET,272,"https://images-fe.ssl-images-amazon.com/images/I/71UHZ8AgQqL._AC_UL600_SR600,400_.jpg",dental,small-dog|puppy|dental-care
B08M3HYT8V,オーラルピース,オーラルピース フォーペット 歯磨き＆口腔ケアジェル 80g 宇宙技術を愛犬に ネオナイシン-e*配合 ケミカルフリー食品成分とお求めやすい価格でずっとケア 日本製,1055,"https://images-fe.ssl-images-amazon.com/images/I/61lHHl7eoWL._AC_UL600_SR600,400_.jpg",dental,dental-care
B0B9MZG26M,エブリデント,エブリデント 指サックde歯みがき 35枚×3個セット ミルク風味 犬猫用 歯みがきシート はみがきシート 3個パック まとめ買い(アース・ペット),976,"https://images-fe.ssl-images-amazon.com/images/I/61XkFFgeFSL._AC_UL600_SR600,400_.jpg",dental,dental-care
B08B6N7VV6,ビルバック,ビルバック (Virbac) C.E.T.歯みがきペースト バニラミントフレーバー 70g,1753,"https://images-fe.ssl-images-amazon.com/images/I/41HIjCkZ0RL._AC_UL600_SR600,400_.jpg",dental,dental-care
